[
  {
    "id": 1,
    "name": "Sonho de Creme",
    "description": "Massa fofinha com recheio de creme de baunilha.",
    "price": 4.5,
    "categoryId": 3,
    "imageUrl": "sonho.jpg",
    "available": true,
    "createdAt": "2025-09-16T16:45:31.582Z",
    "updatedAt": "2025-09-16T16:45:31.582Z"
  },
  {
    "id": 2,
    "name": "Sonho de Creme",
    "description": "Massa fofinha com recheio de creme de baunilha.",
    "price": 4.5,
    "categoryId": 3,
    "imageUrl": "sonho.jpg",
    "available": true,
    "createdAt": "2025-09-16T16:45:31.582Z",
    "updatedAt": "2025-09-16T16:45:31.582Z"
  },
  {
    "id": 3,
    "name": "Sonho de Creme",
    "description": "Massa fofinha com recheio de creme de baunilha.",
    "price": 4.5,
    "categoryId": 3,
    "imageUrl": "sonho.jpg",
    "available": true,
    "createdAt": "2025-09-16T16:45:31.582Z",
    "updatedAt": "2025-09-16T16:45:31.582Z"
  },
  {
    "id": 4,
    "name": "Sonho de Creme",
    "description": "Massa fofinha com recheio de creme de baunilha.",
    "price": 4.5,
    "categoryId": 3,
    "imageUrl": "sonho.jpg",
    "available": true,
    "createdAt": "2025-09-16T16:45:31.582Z",
    "updatedAt": "2025-09-16T16:45:31.582Z"
  }
]